INSERT INTO usuario (Nombre, Apellido, Nombre_usuario, Token, Contraseña, Ciudad, Sexo, Estado_civil, Tipo_empresa, Dirreccion) VALUES
  ('Juan', 'Pérez', 'juanperez', '5234567890', 'F3*fehsj', 'Ciudad de Panamá', 'Masculino', 'Soltero', 'Privada', 'Calle 123, El Carmen'),
  ('María', 'García', 'mariagarcia', '9876543210', 'A090mop2', 'San Miguelito', 'Femenino', 'Casada', 'Publica', 'Avenida 456, Bellavista'),
  ('Pedro', 'López', 'pedrolopez', '8670304328', 'S_GTH23*', 'David', 'Masculino', 'Soltero', 'Privada', 'Calle 789, Urbanización Los Ángeles'),
  ('Ana', 'Rodríguez', 'anarodriguez', '1768669654', '2WER37_*', 'Santiago', 'Femenino', 'Divorciada', 'Privada', 'Avenida 101, Costa del Este'),
  ('Roberto', 'Flores', 'robertoflores', '7853216625', '45GERWY22', 'Chitré', 'Masculino', 'Soltero', 'Publica', 'Calle 1213, Barrio El Mamey'),
  ('Carmen', 'Gómez', 'carmengomez', '1303105046', 'AS_XX09*_', 'Las Tablas', 'Femenino', 'Casada', 'Publica', 'Avenida 1415, Urbanización La Quinta'),
  ('David', 'Martínez', 'davidmartinez', '3057307096', 'SAG462_*_*', 'Penonomé', 'Masculino', 'Soltero', 'Privada', 'Calle 1617, Urbanización Villa del Sol'),
  ('Sandra', 'Álvarez', 'sandraalvarez', '5982730636', '21VBN*^_JI', 'Aguadulce', 'Femenino', 'Divorciada', 'Publica', 'Avenida 1819, Urbanización Brisas del Mar'),
  ('José', 'Ramírez', 'joseramirez', '8643488967', '32R5*POH', 'Colon', 'Masculino', 'Soltero', 'Privada', 'Calle 2021, Barrio El Carmen'),
  ('Patricia', 'Navas', 'patricianavas', '6538957168', 'WE45_LLÑ*', 'Puerto Obaldía', 'Femenino', 'Casada', 'Publica', 'Avenida 2223, Urbanización Costa Serena'),
  ('Carlos', 'Aguilar', 'carlosaguilar', '1555945285', 'EED_SGW*', 'Santa Isabel', 'Masculino', 'Soltero', 'Publica', 'Calle 2425, Barrio La Esperanza'),
  ('Isabel', 'Herrera', 'isabelherrera', '5758390400', 'FFGE33__KO*','Soná', 'Femenino', 'Casada', 'Privada', 'Avenida 2627, Urbanización Las Lomas'),
  ('Luis', 'Benítez', 'luisbenitez', '2500647323', 'S23_ÑLOPa_', 'Veraguas', 'Masculino', 'Soltero', 'Privada', 'Calle 2829, Urbanización La Primavera'),
  ('Ana', 'Morales', 'anamora', '7439280210', 'AQmlk_+12', 'Chitré', 'Femenino', 'Divorciada', 'Publica', 'Avenida 3031, Urbanización Villas del Sol'),
  ('Francisco', 'Gutiérrez', 'franciscog', '8241101383', 'AW2309BB_*', 'Santiago', 'Masculino', 'Soltero', 'Publica', 'Avenida 3233, Urbanización Vista del Mar'),
  ('Andrea', 'Blanco', 'andreablanco', '3733540443', '00NIO*_Ñ', 'David', 'Femenino', 'Casada', 'Privada', 'Calle 3435, Barrio La Concepción'),
  ('Diego', 'Ruiz', 'diegoruiz', '2014443620', 'Bv_09*-ko', 'Penonomé', 'Masculino', 'Soltero', 'Puclica', 'Avenida 3637, Urbanización Altos del Campo'),
  ('Adriana', 'Castro', 'adrianacastro', '0123456789', 'rte32A*90', 'Aguadulce', 'Femenino', 'Divorciada', 'Publica', 'Calle 3839, Barrio El Progreso'),
  ('Marco', 'Acevedo', 'marcoacevedo', '6773571978', '12njjpp*', 'Colon', 'Masculino', 'Soltero', 'Privada', 'Avenida 4041, Urbanización Ciudad Jardín'),
  ('Mauricio','Gutiérrez','MauGutierrez','2134600987','P*mbfg_3','La Chorrera','Masculino','Casado','Publica','Calle Garenia,Las Lomas');

INSERT INTO autenticacion (Nombre_usuario, Contraseña, Agente_usuario, Token, Tipo_usuario, Fecha_hora) VALUES
  ('juanperez', 'F3*fehsj', 'Chrome', '5234567890', 'Vendedor','2024-06-15 18:09:45'),
  ('mariagarcia', 'A090mop2', 'Firefox', '9876543210', 'Cliente','2024-05-31 12:34:23'),
  ('pedrolopez', 'S_GTH23*', 'Edge', '8670304328', 'Vendedor','2024-06-24 09:45:22'),
  ('anarodriguez', '2WER37_', 'Safari', '1768669654', 'Cliente', '2024-04-21 11:09:58'),
  ('robertoflores', '45GERWY22', 'Opera', '7853216625', 'Ejecutivo', NOW()),
  ('carmengomez', 'AS_XX09', 'Mobile App', '1303105046', 'Cliente', NOW()),
  ('davidmartinez', 'SAG462_*_*', 'Chrome', '3057307096', 'Administrador', NOW()),
  ('sandraalvarez', '21VBN*^_JI', 'Firefox', '5982730636', 'Cliente', '2024-06-07 07:09:00'),
  ('joseramirez', '32R5*POH', 'Edge', '8643488967', 'Ejecutivo','2024-06-08 13:50:09'),
  ('patricianavas', 'WE45_LLÑ', 'Safari', '6538957168', 'Cliente', NOW()),
  ('carlosaguilar', 'EED_SGW*', 'Mobile App', '1555945285', 'Cliente', NOW()),
  ('isabelherrera', 'FFGE33__KO*', 'Chrome', '5758390400', 'Vendedor', NOW()),
  ('luisbenitez', 'S23_ÑLOPa_', 'Firefox', '2500647323', 'Cliente', '2024-05-25 15:09:09'),
  ('anamora', 'AQmlk_+12', 'Edge', '7439280210', 'Administrador', NOW()),
  ('franciscog', 'AW2309BB_*', 'Safari', '8241101383', 'Cliente', NOW()),
  ('andreablanco', '00NIO*_Ñ', 'Mobile App', '3733540443', 'Cliente', '2024-06-01 14:19:34'),
  ('diegoruiz', 'Bv_09*-ko', 'Chrome', '2014443620', 'Vendedor', NOW()),
  ('adrianacastro', 'rte32A*90', 'Firefox', '0123456789', 'Cliente', NOW()),
  ('marcoacevedo', '12njjpp*', 'Edge', '6773571978', 'Cliente', NOW()),
  ('maugutierrez','P*mbfg_3','Opera GX','2134600987','Vendedor','2024-06-25 09:09:45');
  
INSERT INTO prueba (Referencias, Nombre, Descripciom, Fecha_ingreso, Activo) VALUES
('RC', 'Reconocimiento', 'Fase de recolección de información', '2024-06-17 12:54:00', FALSE),
('ADV', 'Análisis de Vulnerabilidades', 'Identificación de debilidades', '2024-06-25 13:09:54', TRUE),
('EXP', 'Explotación', 'Uso de vulnerabilidades para acceso', NOW(), TRUE),
('EP', 'Escalar Privilegios', 'Obtener mayores privilegios', NOW(), TRUE),
('P-EXP', 'Post-Explotación', 'Acciones después de obtener acceso', '2024-05-23 12:09:54', FALSE),
('RC', 'Reconocimiento', 'Revisión inicial del sistema', NOW(), TRUE),
('ADV', 'Análisis de Vulnerabilidades', 'Evaluación de riesgos presentes', '2024-06-07 12:12:21', FALSE),
('EXP', 'Explotación', 'Técnicas para acceder al sistema', NOW(), TRUE),
('EP', 'Escalar Privilegios', 'Ganar acceso administrativo', '2023-12-27 15:09:29', FALSE),
('P-EXP', 'Post-Explotación', 'Establecer persistencia en el sistema', NOW(), TRUE),
('RCP', 'Reconocimiento', 'Búsqueda de información crítica', NOW(), TRUE),
('ADV', 'Análisis de Vulnerabilidades', 'Detección de puntos débiles', '2024-01-23 16:09:17', FALSE),
('EXP', 'Explotación', 'Utilización de exploits conocidos', '2024-03-04 12:23:44', FALSE),
('EP', 'Escalar Privilegios', 'Elevación de permisos de usuario', '2024-02-14 10:04:23', FALSE),
('P-EXP', 'Post-Explotación', 'Ejecución de scripts automatizados', NOW(), TRUE),
('RC', 'Reconocimiento', 'Identificación de activos valiosos', NOW(), TRUE),
('ADV', 'Análisis de Vulnerabilidades', 'Inspección de configuraciones de seguridad', '2024-06-25 11:21:12', TRUE),
('EXP', 'Explotación', 'Aplicación de técnicas de hacking', '2023-09-21 12:00:09', FALSE),
('EP', 'Escalar Privilegios', 'Compromiso de cuentas privilegiadas', NOW(), TRUE),
('P-EXP', 'Post-Explotación', 'Mantenimiento del acceso obtenido', '2023-10-23 08:09:56', FALSE);

INSERT INTO pago(Numero_tarjeta,Tarjeta_nombre,CVV,Expiracion,Nombre_usuario,Tipo_Tarjeta) VALUES 
('4415-5678-2345-0090','Juan Perez','218','05/25','juanperez','Visa'),
('3490-9011-3587-5543','Maria Garcia','112','09/27','mariagarcia','Mastercard'),
('6780-0988-2323-7766','Pedro Lopez','678','10/24','pedrolopez','Visa'),
('1432-3300-7671-3456','Ana Rodriguez','890','12/26','anarodriguez','American Express'),
('9914-3244-6781-0091','Roberto Flores','007','07/28','robertoflores','Mastercard'),
('4789-0090-2341-9922','Carmen Gomez','567','09/26','carmengomez','Visa'),
('3489-0091-3245-3321','David Martinez','269','08/26','davidmartinez','Discover'),
('3312-9445-8899-0000','Sandra Alvarez','321','12/24','sandraalvarez','Discorver'),
('1090-7843-4456-2288','Jose Ramirez','999','11/27','joseramirez','American Express'),
('4090-9821-3232-1695','Patricia Navas','200','09/27','patricianavas','Visa'),
('4500-9002-5623-1222','Carlos Aguilar','234','07/26','carlosaguilar','Visa'),
('3200-6732-2211-0999','Isabel Herrera','002','10/24','isabelherrera','Mastercard'),
('1000-9223-4312-5671','Luis Benitez','100','01/25','luisbenitez','American Express'),
('3029-5670-8765-8888','Ana Morales','998','02/25','Anamora','Mastercard'),
('4200-2100-0001-7898','Francisco Gutierrez','109','05/25','franciscog','Visa'),
('3950-1085-9811-1230','Andrea Blanco','003','01/25','andreablanco','Mastercard'),
('4701-1450-2119-0002','Diego Ruiz','201','01/26','diegoruiz','Visa'),
('5040-9034-0007-2396','Adriana Castro','234','09/27','adrianacastro','American Express'),
('3280-0092-8723-1100','Marco Acevado','801','09/28','marcoacevedo','Mastercard'),
('40009-7002-8080-2222','Maurico Gutierrez','098','07/27','maugutierrez','Visa');


